name,busmap
relation/18396881-380,AT1 0
virtual_way/103401937:1-380,AT1 0
virtual_way/1203265439:1-380,AT1 0
virtual_way/26971631:0-220,AT1 0
virtual_way/28457294:1-380,AT1 0
virtual_way/28458149:0-380,AT1 0
virtual_way/42412115:1-220,AT1 0
virtual_way/763416490:0-380,AT1 0
virtual_way/796517281:1-380,AT1 0
virtual_way/82745755:0-220,AT1 0
virtual_way/83742802:1-380,AT1 0
virtual_way/83947313:1-380,AT1 0
virtual_way/84998489:0-220,AT1 0
virtual_way/951818305:1-380,AT1 0
virtual_way/95863557:a:0-220,AT1 0
virtual_way/99720896:0-380,AT1 0
way/1047447425-220,AT1 0
way/105065132-220,AT1 0
way/1051033055-220,AT1 0
way/107248400-380,AT1 0
way/118060597-380,AT1 0
way/119489306-400,AT1 0
way/1203160522-220,AT1 0
way/134565164-380,AT1 0
way/138407040-380,AT1 0
way/145583866-220,AT1 0
way/152245073-220,AT1 0
way/156973414-220,AT1 0
way/162826525-220,AT1 0
way/180468540-220,AT1 0
way/210191809-220,AT1 0
way/24253250-220,AT1 0
way/24768685-220,AT1 0
way/27673934-380,AT1 0
way/27763479-220,AT1 0
way/27795895-220,AT1 0
way/291703253-220,AT1 0
way/30042006-380,AT1 0
way/30076588-220,AT1 0
way/318616912-380,AT1 0
way/38868243-380,AT1 0
way/50650855-220,AT1 0
way/59531071-220,AT1 0
way/603139216-220,AT1 0
way/61108302-220,AT1 0
way/636620861-380,AT1 0
way/694695942-380,AT1 0
way/727225348-220,AT1 0
way/765101679-220,AT1 0
way/81684898-380,AT1 0
way/83529203-220,AT1 0
way/83740194-380,AT1 0
way/83742801-380,AT1 0
way/84789829-220,AT1 0
way/852324809-220,AT1 0
way/86119428-220,AT1 0
way/88680218-220,AT1 0
way/89451551-220,AT1 0
way/89985993-220,AT1 0
way/93077882-220,AT1 0
way/943595603-220,AT1 0
way/95812231-220,AT1 0
way/96616299-220,AT1 0
relation/7578992-220,BE1 0
virtual_relation/10670456:0-380,BE1 0
virtual_relation/9036573:0-225,BE1 0
virtual_way/147686438:0-380,BE1 0
virtual_way/16119536:0-380,BE1 0
virtual_way/161225685:a:1-220,BE1 0
virtual_way/161469069:0-380,BE1 0
virtual_way/161479351:0-380,BE1 0
virtual_way/23141413:0-380,BE1 0
virtual_way/48520916:1-380,BE1 0
virtual_way/87772589:0-380,BE1 0
virtual_way/91752659:1-220,BE1 0
way/1001478336-220,BE1 0
way/103041283-220,BE1 0
way/114082368-220,BE1 0
way/121085952-220,BE1 0
way/124703985-380,BE1 0
way/16584741-380,BE1 0
way/19783816-380,BE1 0
way/204940265-220,BE1 0
way/23136343-380,BE1 0
way/23136868-380,BE1 0
way/23141556-220,BE1 0
way/23151789-380,BE1 0
way/23175771-380,BE1 0
way/24552827-220,BE1 0
way/32002039-380,BE1 0
way/33814632-220,BE1 0
way/495688597-380,BE1 0
way/87529551-380,BE1 0
way/87763325-380,BE1 0
way/87772591-380,BE1 0
way/87772593-380,BE1 0
way/87807194-380,BE1 0
way/88373135-380,BE1 0
way/88799384-220,BE1 0
way/91142310-220,BE1 0
way/91752661-220,BE1 0
way/92007188-220,BE1 0
way/92015823-220,BE1 0
relation/5378910-220,CH1 0
relation/7933294-380,CH1 0
relation/9310861-220,CH1 0
virtual_relation/5610122:1-220,CH1 0
virtual_relation/5610123:0-220,CH1 0
virtual_relation/5645820:1-220,CH1 0
virtual_relation/6031725:0-220,CH1 0
virtual_way/109814042:0-220,CH1 0
virtual_way/109814042:1-220,CH1 0
virtual_way/1178282957:0-220,CH1 0
virtual_way/126304086:1-220,CH1 0
virtual_way/136073350:b:1-220,CH1 0
virtual_way/141333193:0-220,CH1 0
virtual_way/141333193:1-220,CH1 0
virtual_way/141442913:1-220,CH1 0
virtual_way/141442914:0-220,CH1 0
virtual_way/148642941:1-220,CH1 0
virtual_way/163857038:a:1-380,CH1 0
virtual_way/190447888:0-220,CH1 0
virtual_way/194683262:1-220,CH1 0
virtual_way/207876772:0-220,CH1 0
virtual_way/207876772:1-220,CH1 0
virtual_way/207895374:1-380,CH1 0
virtual_way/208404332:b:1-220,CH1 0
virtual_way/208487760:1-380,CH1 0
virtual_way/208560300:1-220,CH1 0
virtual_way/209111683:1-220,CH1 0
virtual_way/209111686:1-220,CH1 0
virtual_way/209130227:1-220,CH1 0
virtual_way/209288137:1-220,CH1 0
virtual_way/209288139:0-220,CH1 0
virtual_way/209288141:1-220,CH1 0
virtual_way/209288142:1-220,CH1 0
virtual_way/209288145:0-220,CH1 0
virtual_way/240692413:0-220,CH1 0
virtual_way/253361584:1-220,CH1 0
virtual_way/365557144:1-220,CH1 0
virtual_way/406403398:1-380,CH1 0
virtual_way/43125412:0-220,CH1 0
virtual_way/43125412:1-220,CH1 0
virtual_way/461199931:1-220,CH1 0
virtual_way/81247299:b:1-220,CH1 0
virtual_way/912545951:1-220,CH1 0
virtual_way/927740824:0-220,CH1 0
virtual_way/93377768:1-220,CH1 0
virtual_way/95726659:1-220,CH1 0
virtual_way/969811243:1-220,CH1 0
way/108257952-220,CH1 0
way/109037817-220,CH1 0
way/111162936-220,CH1 0
way/11282314-220,CH1 0
way/122720993-220,CH1 0
way/127004407-380,CH1 0
way/132373704-220,CH1 0
way/1327084723-220,CH1 0
way/140873735-220,CH1 0
way/146225999-220,CH1 0
way/147557680-220,CH1 0
way/147714395-220,CH1 0
way/148015471-220,CH1 0
way/159527493-220,CH1 0
way/161853746-220,CH1 0
way/165513396-220,CH1 0
way/177392130-220,CH1 0
way/190819048-220,CH1 0
way/192677427-220,CH1 0
way/194258388-220,CH1 0
way/207993342-220,CH1 0
way/208780268-380,CH1 0
way/210568055-220,CH1 0
way/211907009-220,CH1 0
way/212722603-220,CH1 0
way/215475257-220,CH1 0
way/22899676-220,CH1 0
way/234983117-220,CH1 0
way/236819191-220,CH1 0
way/239937062-220,CH1 0
way/240575085-220,CH1 0
way/240959264-220,CH1 0
way/242269161-220,CH1 0
way/26843160-220,CH1 0
way/27107779-220,CH1 0
way/281799252-220,CH1 0
way/281800404-220,CH1 0
way/281804158-220,CH1 0
way/281809991-220,CH1 0
way/281815404-220,CH1 0
way/281822905-220,CH1 0
way/30350721-220,CH1 0
way/31308888-220,CH1 0
way/33271433-220,CH1 0
way/35002638-220,CH1 0
way/356292116-220,CH1 0
way/35840165-380,CH1 0
way/365556107-220,CH1 0
way/365590455-220,CH1 0
way/397960460-380,CH1 0
way/402053379-220,CH1 0
way/402055336-220,CH1 0
way/431234146-220,CH1 0
way/455120191-220,CH1 0
way/50319857-220,CH1 0
way/52738225-220,CH1 0
way/55695765-220,CH1 0
way/55698557-220,CH1 0
way/71500123-220,CH1 0
way/758943072-220,CH1 0
way/773893754-220,CH1 0
way/802058337-220,CH1 0
way/803903329-220,CH1 0
way/89405664-220,CH1 0
way/89977424-220,CH1 0
way/92798668-220,CH1 0
way/936521586-380,CH1 0
way/969819301-220,CH1 0
way/98648381-220,CH1 0
virtual_relation/10043727:a:1-400,CZ1 0
virtual_relation/5168027:a:1-400,CZ1 0
virtual_way/113566137:0-400,CZ1 0
virtual_way/157331464:1-380,CZ1 0
virtual_way/174150969:0-220,CZ1 0
virtual_way/28099167:1-400,CZ1 0
virtual_way/28629413:1-400,CZ1 0
virtual_way/452032530:1-400,CZ1 0
way/149306820-220,CZ1 0
way/174152948-400,CZ1 0
way/175071712-400,CZ1 0
way/197827799-220,CZ1 0
way/26143409-400,CZ1 0
way/27849030-220,CZ1 0
way/27867392-400,CZ1 0
way/28099187-220,CZ1 0
way/28268556-400,CZ1 0
way/28348269-220,CZ1 0
way/28349754-220,CZ1 0
way/28382372-400,CZ1 0
way/28457258-400,CZ1 0
way/28468576-220,CZ1 0
way/28469397-400,CZ1 0
way/28470958-400,CZ1 0
way/28475691-220,CZ1 0
way/28476742-400,CZ1 0
way/28477054-220,CZ1 0
way/28478409-400,CZ1 0
way/28478418-220,CZ1 0
way/28479110-400,CZ1 0
way/28479829-400,CZ1 0
way/28622657-220,CZ1 0
way/28622793-400,CZ1 0
way/28624004-220,CZ1 0
way/28624204-400,CZ1 0
way/28624926-400,CZ1 0
way/28625556-220,CZ1 0
way/28626812-400,CZ1 0
way/28628927-400,CZ1 0
way/693112798-400,CZ1 0
relation/17591073-220,DE1 9
virtual_relation/1109593:b:1-380,DE1 27
virtual_relation/1141616:b:1-380,DE1 10
virtual_relation/13073144:1-220,DE1 1
virtual_relation/14514424:c:1-380,DE1 11
virtual_relation/145510:b:1-380,DE1 15
virtual_relation/1641702:b:1-380,DE1 8
virtual_relation/18799873:a:0-220,DE1 9
virtual_relation/18799873:b:1-220,DE1 9
virtual_relation/2247305:c:1-220,DE1 13
virtual_relation/3697399:a:1-380,DE1 0
virtual_relation/3697399:b:1-380,DE1 0
virtual_relation/3732388:b:1-380,DE1 22
virtual_relation/3866868:1-220,DE1 23
virtual_relation/3916522:a:1-380,DE1 21
virtual_relation/3937928:0-220,DE1 2
virtual_relation/3945260:a:0-220,DE1 24
virtual_relation/445559:a:1-380,DE1 20
virtual_relation/5497488:a:1-380,DE1 7
virtual_relation/5497488:b:1-380,DE1 7
virtual_way/104359892:1-220,DE1 4
virtual_way/10630667:1-380,DE1 8
virtual_way/106498910:0-220,DE1 14
virtual_way/107153162:1-220,DE1 14
virtual_way/107175372:0-220,DE1 14
virtual_way/107175828:0-220,DE1 14
virtual_way/107175828:1-220,DE1 14
virtual_way/108374914:0-220,DE1 4
virtual_way/108388744:1-380,DE1 18
virtual_way/109083561:0-220,DE1 27
virtual_way/1104914089:0-380,DE1 0
virtual_way/1118659219:1-220,DE1 5
virtual_way/111963058:1-380,DE1 11
virtual_way/1120289993:0-380,DE1 8
virtual_way/1130668496:0-380,DE1 26
virtual_way/114377991:1-220,DE1 11
virtual_way/1151967274:0-380,DE1 7
virtual_way/115611453:1-220,DE1 27
virtual_way/1241983643:1-380,DE1 22
virtual_way/1244951664:1-380,DE1 22
virtual_way/125686889:0-220,DE1 16
virtual_way/125690615:0-220,DE1 16
virtual_way/1264466167:0-220,DE1 10
virtual_way/1336578348:0-380,DE1 0
virtual_way/1340163908:0-380,DE1 22
virtual_way/1359558141:1-380,DE1 2
virtual_way/136269731:0-220,DE1 11
virtual_way/137885048:1-220,DE1 26
virtual_way/1434798779:1-380,DE1 13
virtual_way/143855350:0-380,DE1 0
virtual_way/143901743:1-220,DE1 0
virtual_way/145129280:1-220,DE1 9
virtual_way/1451337852:0-220,DE1 17
virtual_way/1458852756:0-380,DE1 22
virtual_way/147534818:0-380,DE1 26
virtual_way/149815387:1-220,DE1 26
virtual_way/150801571:1-380,DE1 4
virtual_way/151689335:0-380,DE1 17
virtual_way/151691301:1-380,DE1 17
virtual_way/151967297:0-380,DE1 4
virtual_way/152403697:0-220,DE1 26
virtual_way/152403718:1-220,DE1 26
virtual_way/152542160:1-220,DE1 9
virtual_way/152924506:0-220,DE1 9
virtual_way/152924515:0-220,DE1 9
virtual_way/155647668:0-220,DE1 12
virtual_way/156350633:1-220,DE1 21
virtual_way/156960646:1-380,DE1 19
virtual_way/169004950:1-380,DE1 26
virtual_way/169244947:0-220,DE1 8
virtual_way/17673603:0-380,DE1 0
virtual_way/17673603:1-380,DE1 0
virtual_way/178708511:1-220,DE1 20
virtual_way/184007156:1-380,DE1 11
virtual_way/189145558:0-220,DE1 14
virtual_way/199208152:1-380,DE1 2
virtual_way/200409360:0-220,DE1 9
virtual_way/201775656:0-220,DE1 14
virtual_way/207579638:1-220,DE1 26
virtual_way/207800275:0-220,DE1 5
virtual_way/215588442:0-220,DE1 14
virtual_way/22762380:1-220,DE1 5
virtual_way/231735880:1-380,DE1 2
virtual_way/231741801:1-220,DE1 0
virtual_way/23382106:1-380,DE1 0
virtual_way/23921168:0-380,DE1 0
virtual_way/23951301:0-220,DE1 20
virtual_way/24415006:1-380,DE1 27
virtual_way/24428696:1-380,DE1 5
virtual_way/24479976:0-220,DE1 14
virtual_way/24604796:a:1-380,DE1 2
virtual_way/24605510:1-220,DE1 2
virtual_way/24686695:0-220,DE1 5
virtual_way/24959946:1-380,DE1 27
virtual_way/25088919:1-220,DE1 14
virtual_way/25091009:0-380,DE1 14
virtual_way/25209869:1-380,DE1 5
virtual_way/25788425:1-220,DE1 14
virtual_way/259468196:0-220,DE1 1
virtual_way/259468196:1-220,DE1 15
virtual_way/26186272:1-220,DE1 9
virtual_way/26472663:1-380,DE1 10
virtual_way/26660205:0-380,DE1 21
virtual_way/27044875:0-220,DE1 5
virtual_way/27092940:1-220,DE1 5
virtual_way/277828184:1-380,DE1 8
virtual_way/28156584:0-380,DE1 0
virtual_way/28434869:0-380,DE1 0
virtual_way/28434872:1-380,DE1 0
virtual_way/286319128:1-220,DE1 18
virtual_way/29252733:0-220,DE1 12
virtual_way/29287463:0-220,DE1 26
virtual_way/29472851:0-220,DE1 11
virtual_way/30419117:1-380,DE1 15
virtual_way/30859575:1-220,DE1 6
virtual_way/317999340:a:1-380,DE1 7
virtual_way/32267173:1-380,DE1 7
virtual_way/32398460:1-380,DE1 17
virtual_way/32672606:0-220,DE1 27
virtual_way/32672606:1-220,DE1 27
virtual_way/32950166:0-220,DE1 10
virtual_way/33382745:1-220,DE1 5
virtual_way/34174518:1-380,DE1 7
virtual_way/345674978:0-380,DE1 8
virtual_way/34897791:0-220,DE1 5
virtual_way/34942575:0-220,DE1 10
virtual_way/34942575:1-220,DE1 10
virtual_way/35164077:0-220,DE1 5
virtual_way/362332802:a:1-380,DE1 8
virtual_way/36258837:0-380,DE1 5
virtual_way/373086441:0-220,DE1 9
virtual_way/39676389:1-380,DE1 25
virtual_way/40692628:1-220,DE1 9
virtual_way/40854817:0-380,DE1 0
virtual_way/40854817:1-380,DE1 0
virtual_way/41232147:1-380,DE1 17
virtual_way/41334818:1-220,DE1 0
virtual_way/41374777:0-380,DE1 5
virtual_way/41460654:0-380,DE1 0
virtual_way/41642831:1-220,DE1 6
virtual_way/41931527:1-380,DE1 27
virtual_way/42389033:1-380,DE1 21
virtual_way/42472171:0-380,DE1 21
virtual_way/42508055:1-220,DE1 27
virtual_way/42509126:1-220,DE1 27
virtual_way/42809893:1-380,DE1 27
virtual_way/42861709:0-380,DE1 27
virtual_way/42920884:1-220,DE1 14
virtual_way/42920999:0-220,DE1 14
virtual_way/43201818:c:1-380,DE1 9
virtual_way/45737386:1-380,DE1 7
virtual_way/45737389:0-220,DE1 7
virtual_way/54359261:1-220,DE1 4
virtual_way/574218866:0-380,DE1 12
virtual_way/60541934:1-220,DE1 27
virtual_way/60725324:1-380,DE1 14
virtual_way/60869542:1-220,DE1 14
virtual_way/61918209:1-380,DE1 11
virtual_way/632166208:1-220,DE1 5
virtual_way/66676627:1-220,DE1 27
virtual_way/68018969:0-220,DE1 27
virtual_way/68677653:0-220,DE1 27
virtual_way/68677653:1-220,DE1 27
virtual_way/73306291:1-220,DE1 16
virtual_way/738918647:0-380,DE1 17
virtual_way/741770435:1-380,DE1 11
virtual_way/77179258:1-220,DE1 14
virtual_way/77179273:0-380,DE1 14
virtual_way/798137586:0-220,DE1 14
virtual_way/8017477:1-220,DE1 10
virtual_way/82077681:0-380,DE1 27
virtual_way/82077681:1-380,DE1 27
virtual_way/850698155:0-380,DE1 5
virtual_way/881636336:0-380,DE1 7
virtual_way/88715832:0-380,DE1 5
virtual_way/906381479:1-220,DE1 14
virtual_way/907517163:1-380,DE1 7
virtual_way/91084404:0-220,DE1 16
virtual_way/91655753:0-220,DE1 4
virtual_way/92877620:1-220,DE1 14
virtual_way/92877623:0-220,DE1 14
virtual_way/93258454:0-220,DE1 23
virtual_way/95636530:1-380,DE1 9
virtual_way/95860782:0-380,DE1 18
virtual_way/971780154:a:0-220,DE1 1
way/1011084707-220,DE1 12
way/1024536785-380,DE1 5
way/102743264-220,DE1 21
way/1040551074-220,DE1 14
way/1068350839-380,DE1 19
way/1071504343-380,DE1 7
way/1072574879-380,DE1 20
way/1076001174-220,DE1 27
way/1086825107-220,DE1 22
way/108797675-380,DE1 23
way/1089911133-380,DE1 7
way/1093896544-380,DE1 24
way/1094015892-220,DE1 15
way/109917397-380,DE1 13
way/1102237380-220,DE1 7
way/1107961833-380,DE1 7
way/1128250704-220,DE1 20
way/11285720-380,DE1 7
way/113546939-220,DE1 14
way/11500045-380,DE1 10
way/1191459479-220,DE1 7
way/1223405794-220,DE1 9
way/1245826064-380,DE1 8
way/1280178911-220,DE1 11
way/1280364402-380,DE1 7
way/1280840212-380,DE1 11
way/1280843651-380,DE1 11
way/1282733005-220,DE1 10
way/132814303-220,DE1 26
way/133342285-220,DE1 6
way/133349218-220,DE1 3
way/137602559-220,DE1 6
way/143854536-380,DE1 0
way/143903369-220,DE1 0
way/1443360811-220,DE1 23
way/145002769-380,DE1 23
way/145680894-220,DE1 4
way/1457146135-380,DE1 27
way/1457148205-380,DE1 2
way/1457398329-380,DE1 27
way/1457401987-220,DE1 26
way/1460084299-380,DE1 27
way/1462794215-380,DE1 14
way/1462796335-220,DE1 14
way/1463052734-380,DE1 17
way/1463441460-380,DE1 5
way/1463641515-220,DE1 5
way/1463642809-220,DE1 5
way/1463871347-220,DE1 14
way/1463872032-220,DE1 5
way/1463882574-380,DE1 5
way/1463920457-380,DE1 27
way/1464535491-220,DE1 5
way/1464536984-220,DE1 5
way/1464561951-380,DE1 8
way/1464801125-220,DE1 15
way/1467276102-220,DE1 9
way/147521567-380,DE1 8
way/148446247-380,DE1 23
way/149256409-380,DE1 25
way/149987048-220,DE1 9
way/151967290-220,DE1 4
way/151967291-220,DE1 4
way/152018146-220,DE1 4
way/152107815-380,DE1 9
way/152261133-220,DE1 9
way/152403632-220,DE1 26
way/152924498-220,DE1 9
way/152924508-220,DE1 9
way/156402422-220,DE1 4
way/156673636-380,DE1 17
way/156676050-220,DE1 9
way/156960655-380,DE1 17
way/157164284-220,DE1 25
way/157328339-380,DE1 19
way/157806991-380,DE1 19
way/160584794-380,DE1 26
way/167352587-220,DE1 13
way/170123812-380,DE1 10
way/172997498-220,DE1 17
way/18629425-220,DE1 6
way/198448981-380,DE1 26
way/206289192-380,DE1 11
way/207248812-220,DE1 9
way/22720647-220,DE1 7
way/22761839-220,DE1 5
way/22765517-220,DE1 5
way/22766160-220,DE1 5
way/22944791-220,DE1 14
way/22960899-380,DE1 0
way/22973052-220,DE1 10
way/23084554-220,DE1 5
way/23117075-220,DE1 13
way/23284340-220,DE1 8
way/23380800-220,DE1 14
way/234171369-380,DE1 15
way/23583867-380,DE1 7
way/23641079-220,DE1 8
way/23744346-220,DE1 20
way/23899043-380,DE1 12
way/24042358-380,DE1 8
way/24158385-220,DE1 6
way/24230738-380,DE1 2
way/24237879-220,DE1 6
way/24258096-380,DE1 12
way/24262656-220,DE1 12
way/24272339-380,DE1 12
way/24413992-380,DE1 17
way/24462317-220,DE1 14
way/24462426-220,DE1 14
way/24478889-220,DE1 14
way/24479003-220,DE1 14
way/24493551-380,DE1 20
way/24502420-380,DE1 7
way/24604789-380,DE1 2
way/24667346-220,DE1 27
way/24685992-380,DE1 8
way/24705761-220,DE1 3
way/24757392-380,DE1 3
way/24757393-380,DE1 3
way/24757833-380,DE1 3
way/24758329-380,DE1 3
way/24759324-220,DE1 6
way/24765111-220,DE1 23
way/24768051-220,DE1 6
way/24799890-220,DE1 14
way/24839976-220,DE1 5
way/24921206-220,DE1 14
way/24976300-220,DE1 16
way/25051880-220,DE1 14
way/25306752-220,DE1 18
way/25306938-380,DE1 7
way/25746125-380,DE1 25
way/25786404-220,DE1 0
way/26245195-220,DE1 6
way/26260052-380,DE1 0
way/26404600-380,DE1 18
way/26474759-380,DE1 12
way/26593929-380,DE1 5
way/266684854-380,DE1 20
way/26814283-380,DE1 0
way/26927264-380,DE1 5
way/27124619-220,DE1 7
way/27149550-220,DE1 10
way/274603394-380,DE1 15
way/274630377-220,DE1 17
way/27646106-220,DE1 7
way/27739871-220,DE1 2
way/27871140-220,DE1 5
way/27919734-220,DE1 5
way/28008024-220,DE1 7
way/28327356-380,DE1 7
way/28343121-380,DE1 12
way/28397771-220,DE1 2
way/28452784-220,DE1 27
way/28613721-380,DE1 3
way/28729619-380,DE1 10
way/28812249-220,DE1 20
way/28956649-220,DE1 22
way/289836713-380,DE1 7
way/29077623-220,DE1 14
way/29084374-380,DE1 22
way/29309786-380,DE1 17
way/29331499-220,DE1 10
way/29374542-220,DE1 5
way/29472852-220,DE1 11
way/29713902-380,DE1 1
way/30017786-220,DE1 12
way/30039908-380,DE1 10
way/30040568-380,DE1 15
way/301158539-380,DE1 7
way/30132758-380,DE1 10
way/30164703-380,DE1 19
way/30303506-380,DE1 10
way/30613895-380,DE1 24
way/30622610-220,DE1 7
way/30954714-380,DE1 10
way/31024391-220,DE1 20
way/31105067-380,DE1 24
way/31131325-380,DE1 18
way/31367936-220,DE1 18
way/31367940-220,DE1 21
way/31653753-380,DE1 23
way/31762305-220,DE1 5
way/32042992-380,DE1 11
way/32063539-380,DE1 15
way/32076853-220,DE1 20
way/32151621-220,DE1 9
way/32472806-380,DE1 27
way/32690742-380,DE1 1
way/32725957-220,DE1 9
way/32843531-220,DE1 13
way/32904794-380,DE1 2
way/32966636-220,DE1 9
way/33042984-220,DE1 12
way/33411203-220,DE1 2
way/35176751-220,DE1 7
way/358679964-380,DE1 2
way/373967500-380,DE1 26
way/37721677-380,DE1 0
way/37764852-220,DE1 2
way/38325076-380,DE1 24
way/38584673-220,DE1 14
way/38661452-380,DE1 8
way/395847307-220,DE1 26
way/39688875-220,DE1 15
way/398680313-380,DE1 10
way/409305507-220,DE1 9
way/41389594-220,DE1 18
way/414169327-380,DE1 10
way/42372159-380,DE1 8
way/42410916-220,DE1 8
way/42423415-380,DE1 5
way/42488850-380,DE1 27
way/42507488-220,DE1 27
way/42681484-380,DE1 17
way/42736239-380,DE1 0
way/42797575-380,DE1 17
way/42861703-220,DE1 27
way/43163132-380,DE1 10
way/43688805-220,DE1 0
way/442199284-380,DE1 13
way/449010725-380,DE1 7
way/460134233-220,DE1 15
way/46584363-220,DE1 9
way/46615737-380,DE1 10
way/48428875-380,DE1 0
way/49577401-220,DE1 5
way/50729129-220,DE1 16
way/50898216-380,DE1 26
way/515358077-380,DE1 15
way/517421342-220,DE1 15
way/518455594-380,DE1 10
way/525964629-380,DE1 7
way/53378027-380,DE1 24
way/54359256-220,DE1 4
way/55069713-380,DE1 8
way/57727004-220,DE1 18
way/59026005-380,DE1 19
way/59707532-380,DE1 15
way/60032354-220,DE1 7
way/603661085-380,DE1 7
way/61918154-220,DE1 11
way/672738029-220,DE1 11
way/683227471-380,DE1 18
way/68532663-220,DE1 6
way/68549340-220,DE1 27
way/691662101-380,DE1 9
way/74893659-380,DE1 7
way/76246159-380,DE1 24
way/77038371-380,DE1 24
way/77694901-220,DE1 6
way/77697810-380,DE1 16
way/78441561-380,DE1 16
way/796306640-380,DE1 11
way/797009308-380,DE1 11
way/810315511-380,DE1 12
way/82773910-220,DE1 4
way/851299584-380,DE1 15
way/85523877-220,DE1 18
way/87653464-220,DE1 21
way/87722999-220,DE1 7
way/87767098-380,DE1 14
way/883768276-380,DE1 20
way/883768277-380,DE1 20
way/883928228-380,DE1 20
way/883928229-380,DE1 20
way/88901626-380,DE1 21
way/88916034-220,DE1 21
way/88945213-380,DE1 24
way/89176939-220,DE1 4
way/89215122-220,DE1 4
way/90148336-220,DE1 26
way/907539360-380,DE1 7
way/91854336-220,DE1 14
way/93278553-220,DE1 14
way/93341407-380,DE1 22
way/940922557-380,DE1 19
way/941198517-380,DE1 19
way/941453716-380,DE1 15
way/941805476-380,DE1 19
way/942448206-220,DE1 10
way/942771541-380,DE1 19
way/943444232-220,DE1 10
way/943939310-380,DE1 1
way/945346148-220,DE1 13
way/946025110-380,DE1 1
way/946710698-220,DE1 15
way/946969736-380,DE1 7
way/947118608-380,DE1 15
way/947801636-220,DE1 25
way/948341123-380,DE1 25
way/951273401-380,DE1 20
way/951773852-380,DE1 20
way/952004951-380,DE1 17
way/952346322-380,DE1 11
way/953015049-380,DE1 2
way/953757606-380,DE1 12
way/953757608-380,DE1 12
way/954305865-220,DE1 11
way/955268863-220,DE1 20
way/957746797-220,DE1 2
way/968286361-220,DE1 14
way/97825259-220,DE1 0
virtual_way/542553909:0-220,DK0 0
virtual_way/542553909:1-220,DK0 0
virtual_way/865474891:0-220,DK0 0
way/131339683-400,DK0 0
way/133082281-400,DK0 0
way/160792651-400,DK0 0
way/26452107-400,DK0 0
way/26931725-220,DK0 0
way/889061694-220,DK0 0
virtual_relation/5207534:b:1-400,DK1 0
virtual_way/166885671:0-400,DK1 0
virtual_way/252095609:1-400,DK1 0
virtual_way/385384761:0-400,DK1 0
virtual_way/399008275:0-400,DK1 0
virtual_way/98212649:b:1-400,DK1 0
virtual_way/98214734:0-400,DK1 0
virtual_way/98527117:0-400,DK1 0
way/1101832649-400,DK1 0
way/1271587272-400,DK1 0
way/1284726676-220,DK1 0
way/1384028957-400,DK1 0
way/250212215-400,DK1 0
way/42128776-400,DK1 0
way/69424173-400,DK1 0
way/95713495-400,DK1 0
way/95840891-400,DK1 0
way/95868396-400,DK1 0
way/98033206-400,DK1 0
way/98212652-400,DK1 0
way/98216482-400,DK1 0
way/98524305-400,DK1 0
way/98526640-220,DK1 0
relation/13260100-225,FR1 0
relation/13260224-225,FR1 0
virtual_relation/10012409:a:1-225,FR1 0
virtual_relation/10012410:b:1-225,FR1 0
virtual_relation/10012412:b:1-225,FR1 0
virtual_relation/10016706:a:1-225,FR1 0
virtual_relation/10397083:0-225,FR1 0
virtual_relation/10408155:a:1-225,FR1 0
virtual_relation/10408156:a:1-225,FR1 0
virtual_relation/10489382:1-225,FR1 0
virtual_relation/10508904:a:1-225,FR1 0
virtual_relation/10529716:1-225,FR1 0
virtual_relation/10547431:b:1-225,FR1 0
virtual_relation/12643745:0-220,FR1 0
virtual_relation/14329220:b:1-225,FR1 0
virtual_relation/14329220:c:1-225,FR1 0
virtual_relation/17457402:b:1-225,FR1 0
virtual_relation/19455193:a:1-225,FR1 0
virtual_relation/19888985:1-225,FR1 0
virtual_relation/3717719:0-220,FR1 0
virtual_relation/3756991:0-220,FR1 0
virtual_relation/5314438:0-225,FR1 0
virtual_relation/5321015:1-225,FR1 0
virtual_relation/5548368:a:1-225,FR1 0
virtual_relation/5548390:a:1-225,FR1 0
virtual_relation/5548393:a:1-225,FR1 0
virtual_relation/5621452:1-225,FR1 0
virtual_relation/5664553:0-225,FR1 0
virtual_relation/5665483:b:1-225,FR1 0
virtual_relation/5665483:c:1-225,FR1 0
virtual_relation/5675019:a:1-225,FR1 0
virtual_relation/5952075:b:1-400,FR1 0
virtual_relation/5977378:b:1-225,FR1 0
virtual_relation/5977379:a:1-225,FR1 0
virtual_relation/5977381:b:1-225,FR1 0
virtual_relation/6028654:1-225,FR1 0
virtual_relation/6028667:0-225,FR1 0
virtual_relation/6100028:1-225,FR1 0
virtual_relation/6170186:a:1-225,FR1 0
virtual_relation/6291066:1-225,FR1 0
virtual_relation/6359588:a:1-225,FR1 0
virtual_relation/6410875:1-225,FR1 0
virtual_relation/6492540:a:1-400,FR1 0
virtual_relation/6492540:b:1-400,FR1 0
virtual_relation/6757421:b:1-225,FR1 0
virtual_relation/6901347:a:1-225,FR1 0
virtual_relation/6942078:a:1-225,FR1 0
virtual_relation/6942079:a:1-225,FR1 0
virtual_relation/6969077:1-225,FR1 0
virtual_relation/6997560:a:1-225,FR1 0
virtual_relation/6997563:b:1-225,FR1 0
virtual_relation/7062320:a:1-225,FR1 0
virtual_relation/7839721:a:1-225,FR1 0
virtual_relation/7839729:b:1-225,FR1 0
virtual_relation/7847993:a:1-225,FR1 0
virtual_relation/7981311:b:1-225,FR1 0
virtual_relation/8307566:a:1-225,FR1 0
virtual_relation/8307566:b:1-225,FR1 0
virtual_relation/8307566:c:1-225,FR1 0
virtual_relation/8307567:b:1-225,FR1 0
virtual_relation/8384686:c:1-225,FR1 0
virtual_relation/8384686:f:1-225,FR1 0
virtual_relation/8629543:a:1-225,FR1 0
virtual_relation/8664691:b:1-225,FR1 0
virtual_relation/8664692:b:1-225,FR1 0
virtual_relation/8717741:a:1-225,FR1 0
virtual_relation/8786259:a:1-225,FR1 0
virtual_relation/8786260:a:1-225,FR1 0
virtual_relation/8835632:1-225,FR1 0
virtual_relation/8835633:b:1-225,FR1 0
virtual_relation/8878558:b:1-225,FR1 0
virtual_relation/9036574:b:1-225,FR1 0
virtual_relation/9094838:b:1-225,FR1 0
virtual_relation/9142326:d:1-225,FR1 0
virtual_relation/9158614:b:1-225,FR1 0
virtual_relation/9158614:c:1-225,FR1 0
virtual_relation/9158620:a:1-225,FR1 0
virtual_relation/9259308:b:1-225,FR1 0
virtual_relation/9361888:a:1-225,FR1 0
virtual_relation/9361888:b:1-225,FR1 0
virtual_relation/9406979:a:1-225,FR1 0
virtual_relation/9510548:b:1-225,FR1 0
virtual_relation/9790881:a:1-225,FR1 0
virtual_relation/9803448:a:1-225,FR1 0
virtual_relation/9867901:a:1-225,FR1 0
virtual_way/102580354:1-225,FR1 0
virtual_way/1076203261:0-225,FR1 0
virtual_way/109841767:1-225,FR1 0
virtual_way/117447196:1-225,FR1 0
virtual_way/118210638:0-225,FR1 0
virtual_way/118340132:1-225,FR1 0
virtual_way/120747627:0-225,FR1 0
virtual_way/120968575:a:0-225,FR1 0
virtual_way/120968575:b:1-225,FR1 0
virtual_way/120985975:0-225,FR1 0
virtual_way/121116107:1-225,FR1 0
virtual_way/122563472:0-225,FR1 0
virtual_way/1234916162:1-225,FR1 0
virtual_way/127875102:1-225,FR1 0
virtual_way/129038237:a:0-225,FR1 0
virtual_way/129168154:1-225,FR1 0
virtual_way/129221782:1-225,FR1 0
virtual_way/130110647:1-225,FR1 0
virtual_way/130228930:1-225,FR1 0
virtual_way/130380855:1-225,FR1 0
virtual_way/130380858:1-225,FR1 0
virtual_way/130549365:1-225,FR1 0
virtual_way/131742022:0-225,FR1 0
virtual_way/131742022:1-225,FR1 0
virtual_way/131742024:1-225,FR1 0
virtual_way/132920951:1-225,FR1 0
virtual_way/132920954:1-225,FR1 0
virtual_way/133131146:1-225,FR1 0
virtual_way/133202864:1-225,FR1 0
virtual_way/133637354:0-225,FR1 0
virtual_way/135303538:1-225,FR1 0
virtual_way/136326136:0-225,FR1 0
virtual_way/1430729489:1-400,FR1 0
virtual_way/164311020:0-225,FR1 0
virtual_way/169319127:0-225,FR1 0
virtual_way/173801976:1-225,FR1 0
virtual_way/183753902:1-225,FR1 0
virtual_way/183969782:0-225,FR1 0
virtual_way/186361898:0-225,FR1 0
virtual_way/186825520:1-225,FR1 0
virtual_way/196480063:1-225,FR1 0
virtual_way/203991560:0-225,FR1 0
virtual_way/207107137:1-225,FR1 0
virtual_way/207561545:1-225,FR1 0
virtual_way/23286260:1-400,FR1 0
virtual_way/262483937:b:1-225,FR1 0
virtual_way/262965290:1-225,FR1 0
virtual_way/26376785:0-225,FR1 0
virtual_way/26376785:1-225,FR1 0
virtual_way/26376798:0-225,FR1 0
virtual_way/26376798:1-225,FR1 0
virtual_way/27757714:0-225,FR1 0
virtual_way/375282546:1-225,FR1 0
virtual_way/41453026:1-400,FR1 0
virtual_way/420364860:1-225,FR1 0
virtual_way/457311092:1-225,FR1 0
virtual_way/599962755:0-225,FR1 0
virtual_way/599962757:0-225,FR1 0
virtual_way/645193278:0-225,FR1 0
virtual_way/647167011:0-225,FR1 0
virtual_way/647167015:1-225,FR1 0
virtual_way/684713120:0-225,FR1 0
virtual_way/70733234:1-225,FR1 0
virtual_way/80840369:a:1-225,FR1 0
virtual_way/85226749:1-400,FR1 0
virtual_way/86345552:1-225,FR1 0
virtual_way/88910320:0-400,FR1 0
virtual_way/94505778:0-225,FR1 0
virtual_way/94505778:1-225,FR1 0
virtual_way/94524735:0-400,FR1 0
virtual_way/95278909:1-225,FR1 0
virtual_way/95289332:1-225,FR1 0
virtual_way/95299712:1-225,FR1 0
way/100021432-225,FR1 0
way/100087916-225,FR1 0
way/1000881525-225,FR1 0
way/100500802-225,FR1 0
way/101086962-225,FR1 0
way/101108382-225,FR1 0
way/101207712-225,FR1 0
way/101217260-225,FR1 0
way/101228343-225,FR1 0
way/101494744-225,FR1 0
way/103365741-225,FR1 0
way/103921705-225,FR1 0
way/103960552-225,FR1 0
way/104008765-225,FR1 0
way/1041877812-225,FR1 0
way/104240116-225,FR1 0
way/104481448-225,FR1 0
way/1046982647-225,FR1 0
way/105197514-225,FR1 0
way/105202875-225,FR1 0
way/105515586-225,FR1 0
way/105571340-225,FR1 0
way/105630888-225,FR1 0
way/1056316394-225,FR1 0
way/105652436-225,FR1 0
way/105652455-225,FR1 0
way/105690676-225,FR1 0
way/105783300-225,FR1 0
way/105840884-225,FR1 0
way/105913465-225,FR1 0
way/105913481-225,FR1 0
way/106284701-225,FR1 0
way/1063748572-225,FR1 0
way/1067248696-225,FR1 0
way/1069076347-225,FR1 0
way/107121899-225,FR1 0
way/107434290-225,FR1 0
way/1076166858-225,FR1 0
way/108084125-225,FR1 0
way/108089073-225,FR1 0
way/108099552-225,FR1 0
way/1081289679-225,FR1 0
way/1091109862-225,FR1 0
way/109367858-225,FR1 0
way/109817708-225,FR1 0
way/109859712-400,FR1 0
way/110086345-225,FR1 0
way/110443404-225,FR1 0
way/110468028-225,FR1 0
way/110522458-225,FR1 0
way/110542740-225,FR1 0
way/110602470-225,FR1 0
way/111265307-225,FR1 0
way/111276881-225,FR1 0
way/111414142-225,FR1 0
way/111449797-225,FR1 0
way/111456385-225,FR1 0
way/111458307-225,FR1 0
way/111558550-225,FR1 0
way/111558561-225,FR1 0
way/111769053-225,FR1 0
way/111816982-225,FR1 0
way/1121036738-225,FR1 0
way/112310487-225,FR1 0
way/112342683-225,FR1 0
way/112893617-400,FR1 0
way/112925040-225,FR1 0
way/113338234-225,FR1 0
way/114018928-225,FR1 0
way/114355666-400,FR1 0
way/114359287-225,FR1 0
way/114363583-225,FR1 0
way/114730382-225,FR1 0
way/115437692-225,FR1 0
way/115476080-225,FR1 0
way/116168269-225,FR1 0
way/1162035523-225,FR1 0
way/116670124-225,FR1 0
way/116702384-225,FR1 0
way/117350758-225,FR1 0
way/117421453-225,FR1 0
way/117446403-225,FR1 0
way/117537715-225,FR1 0
way/117810798-225,FR1 0
way/117893799-225,FR1 0
way/117975440-225,FR1 0
way/1180069967-225,FR1 0
way/118086309-225,FR1 0
way/118121876-400,FR1 0
way/118127416-225,FR1 0
way/118133021-225,FR1 0
way/118133060-225,FR1 0
way/118133898-225,FR1 0
way/118204938-225,FR1 0
way/118213015-225,FR1 0
way/118216358-225,FR1 0
way/118216361-225,FR1 0
way/118260031-225,FR1 0
way/118387083-400,FR1 0
way/118387084-225,FR1 0
way/118400622-225,FR1 0
way/118400623-225,FR1 0
way/118591672-225,FR1 0
way/118655802-225,FR1 0
way/118684662-225,FR1 0
way/118684992-225,FR1 0
way/118727701-225,FR1 0
way/119048154-225,FR1 0
way/1198130346-225,FR1 0
way/120464542-225,FR1 0
way/120522167-225,FR1 0
way/120553316-225,FR1 0
way/120707003-225,FR1 0
way/120861987-225,FR1 0
way/121024004-225,FR1 0
way/121087628-225,FR1 0
way/121101846-225,FR1 0
way/121116528-225,FR1 0
way/121152763-225,FR1 0
way/121161175-225,FR1 0
way/121297422-225,FR1 0
way/121499607-225,FR1 0
way/121500497-225,FR1 0
way/122061929-225,FR1 0
way/122104435-225,FR1 0
way/122361853-225,FR1 0
way/122411058-225,FR1 0
way/122563466-225,FR1 0
way/122568639-225,FR1 0
way/122748502-225,FR1 0
way/122752897-225,FR1 0
way/122755047-225,FR1 0
way/122755068-225,FR1 0
way/122923029-225,FR1 0
way/123120808-225,FR1 0
way/1231941645-225,FR1 0
way/1236363679-225,FR1 0
way/1236930242-225,FR1 0
way/125003945-225,FR1 0
way/125076979-225,FR1 0
way/125164718-225,FR1 0
way/125494395-225,FR1 0
way/125495792-225,FR1 0
way/125550372-225,FR1 0
way/125721667-225,FR1 0
way/126417428-225,FR1 0
way/1271288345-225,FR1 0
way/1272896526-225,FR1 0
way/128106453-225,FR1 0
way/128381283-225,FR1 0
way/128524174-225,FR1 0
way/129026531-225,FR1 0
way/129440971-225,FR1 0
way/129581885-225,FR1 0
way/129614642-225,FR1 0
way/129624451-225,FR1 0
way/129631438-225,FR1 0
way/129662180-225,FR1 0
way/129830455-225,FR1 0
way/1299138577-225,FR1 0
way/130017468-225,FR1 0
way/130132975-225,FR1 0
way/130459448-225,FR1 0
way/130549366-225,FR1 0
way/130562947-225,FR1 0
way/130595758-225,FR1 0
way/130659505-225,FR1 0
way/130792479-225,FR1 0
way/131317126-225,FR1 0
way/131645796-225,FR1 0
way/1328928946-400,FR1 0
way/133400747-225,FR1 0
way/133637359-225,FR1 0
way/133667044-225,FR1 0
way/133868507-225,FR1 0
way/134147651-225,FR1 0
way/135183628-225,FR1 0
way/135314787-225,FR1 0
way/135585545-225,FR1 0
way/135727900-225,FR1 0
way/135855286-225,FR1 0
way/136068611-225,FR1 0
way/136326140-225,FR1 0
way/136416550-225,FR1 0
way/137083764-225,FR1 0
way/137191333-225,FR1 0
way/137365310-225,FR1 0
way/137474877-225,FR1 0
way/138108387-225,FR1 0
way/138149900-225,FR1 0
way/138278216-225,FR1 0
way/138382023-225,FR1 0
way/138610604-225,FR1 0
way/138787590-225,FR1 0
way/138979502-225,FR1 0
way/139098414-225,FR1 0
way/139593701-225,FR1 0
way/139834740-225,FR1 0
way/140753578-225,FR1 0
way/1421339939-225,FR1 0
way/142360067-225,FR1 0
way/142420422-225,FR1 0
way/142456148-225,FR1 0
way/142456170-225,FR1 0
way/142456176-225,FR1 0
way/142505460-225,FR1 0
way/142571672-225,FR1 0
way/143283235-225,FR1 0
way/144099634-225,FR1 0
way/1451191769-225,FR1 0
way/1462440672-225,FR1 0
way/146360237-225,FR1 0
way/146360243-225,FR1 0
way/146360244-225,FR1 0
way/146366949-225,FR1 0
way/146402374-225,FR1 0
way/146449312-225,FR1 0
way/146449314-225,FR1 0
way/146534501-225,FR1 0
way/146534504-225,FR1 0
way/146534507-225,FR1 0
way/146590045-225,FR1 0
way/146590048-225,FR1 0
way/146695955-225,FR1 0
way/146744609-225,FR1 0
way/147132682-225,FR1 0
way/147132685-400,FR1 0
way/147132690-225,FR1 0
way/147132693-225,FR1 0
way/147174230-225,FR1 0
way/147174234-225,FR1 0
way/147174244-225,FR1 0
way/147174246-225,FR1 0
way/147174253-225,FR1 0
way/147187631-225,FR1 0
way/147187633-225,FR1 0
way/147394004-225,FR1 0
way/147394005-225,FR1 0
way/147394006-225,FR1 0
way/147394007-225,FR1 0
way/147394008-225,FR1 0
way/147394011-225,FR1 0
way/147394012-225,FR1 0
way/147394015-225,FR1 0
way/147394016-225,FR1 0
way/147398275-225,FR1 0
way/147398276-225,FR1 0
way/147398278-225,FR1 0
way/147398279-225,FR1 0
way/147398280-225,FR1 0
way/147580961-225,FR1 0
way/147580963-225,FR1 0
way/147580965-225,FR1 0
way/147580968-225,FR1 0
way/147580973-225,FR1 0
way/147580978-225,FR1 0
way/147580984-225,FR1 0
way/147580985-225,FR1 0
way/147580994-225,FR1 0
way/147580996-225,FR1 0
way/147581003-225,FR1 0
way/147581004-225,FR1 0
way/148059534-225,FR1 0
way/148059535-225,FR1 0
way/148059537-225,FR1 0
way/148564021-225,FR1 0
way/150329778-225,FR1 0
way/150366395-225,FR1 0
way/152120009-225,FR1 0
way/152778326-225,FR1 0
way/152835217-225,FR1 0
way/154391107-225,FR1 0
way/158232795-225,FR1 0
way/159167277-225,FR1 0
way/162540710-400,FR1 0
way/16287586-225,FR1 0
way/163063141-225,FR1 0
way/165830069-225,FR1 0
way/165966009-225,FR1 0
way/166057222-225,FR1 0
way/166073883-400,FR1 0
way/167268705-225,FR1 0
way/169393427-225,FR1 0
way/169799372-225,FR1 0
way/170028621-225,FR1 0
way/170184991-225,FR1 0
way/171051788-225,FR1 0
way/172735399-225,FR1 0
way/173265188-225,FR1 0
way/177428102-225,FR1 0
way/177964767-225,FR1 0
way/177964771-225,FR1 0
way/178995408-225,FR1 0
way/179260933-225,FR1 0
way/179848961-225,FR1 0
way/180569105-225,FR1 0
way/182816228-225,FR1 0
way/183105308-225,FR1 0
way/183182430-225,FR1 0
way/183215456-225,FR1 0
way/183818442-225,FR1 0
way/184492595-225,FR1 0
way/186499822-225,FR1 0
way/188144496-225,FR1 0
way/193292042-225,FR1 0
way/196073443-225,FR1 0
way/197040234-225,FR1 0
way/199093574-225,FR1 0
way/199229562-400,FR1 0
way/203122176-225,FR1 0
way/204349873-225,FR1 0
way/207292011-225,FR1 0
way/207479669-225,FR1 0
way/208424341-225,FR1 0
way/210389707-225,FR1 0
way/211875283-225,FR1 0
way/214483816-225,FR1 0
way/214858101-225,FR1 0
way/219639224-225,FR1 0
way/222188543-400,FR1 0
way/225210595-225,FR1 0
way/226898600-225,FR1 0
way/228049601-225,FR1 0
way/22873838-225,FR1 0
way/22873840-225,FR1 0
way/22938964-225,FR1 0
way/229597405-225,FR1 0
way/231157304-225,FR1 0
way/231157312-225,FR1 0
way/23286313-225,FR1 0
way/23287448-225,FR1 0
way/235370803-225,FR1 0
way/24020441-225,FR1 0
way/24020601-400,FR1 0
way/24025291-225,FR1 0
way/24035563-225,FR1 0
way/243285438-225,FR1 0
way/244036491-225,FR1 0
way/247427865-225,FR1 0
way/24849819-225,FR1 0
way/24913871-225,FR1 0
way/24919917-225,FR1 0
way/24923808-225,FR1 0
way/24990664-225,FR1 0
way/260579119-225,FR1 0
way/26112209-400,FR1 0
way/26272450-225,FR1 0
way/26376732-225,FR1 0
way/26376870-225,FR1 0
way/26395237-225,FR1 0
way/265745327-225,FR1 0
way/26813222-225,FR1 0
way/270540194-225,FR1 0
way/27259817-225,FR1 0
way/27266058-225,FR1 0
way/273536873-225,FR1 0
way/27428702-225,FR1 0
way/27558020-225,FR1 0
way/27768969-225,FR1 0
way/278718504-225,FR1 0
way/27951432-400,FR1 0
way/28706541-225,FR1 0
way/28761900-225,FR1 0
way/29088787-225,FR1 0
way/292180238-225,FR1 0
way/292629713-225,FR1 0
way/294002018-225,FR1 0
way/295403868-400,FR1 0
way/299860588-225,FR1 0
way/299862996-225,FR1 0
way/30292953-400,FR1 0
way/307228675-225,FR1 0
way/318195497-225,FR1 0
way/318502246-225,FR1 0
way/32067290-225,FR1 0
way/32196554-225,FR1 0
way/327505353-225,FR1 0
way/327505354-225,FR1 0
way/32876673-225,FR1 0
way/33113310-225,FR1 0
way/338324854-225,FR1 0
way/33973725-225,FR1 0
way/34198056-225,FR1 0
way/34349978-225,FR1 0
way/34387620-225,FR1 0
way/34398164-225,FR1 0
way/34398358-225,FR1 0
way/350044068-225,FR1 0
way/35206465-225,FR1 0
way/35538714-225,FR1 0
way/36286080-225,FR1 0
way/36805588-225,FR1 0
way/374150877-225,FR1 0
way/378126683-225,FR1 0
way/38073132-225,FR1 0
way/38830347-225,FR1 0
way/392683619-225,FR1 0
way/393286774-225,FR1 0
way/39389229-225,FR1 0
way/39407602-225,FR1 0
way/397885581-225,FR1 0
way/40266681-225,FR1 0
way/403385451-225,FR1 0
way/405909509-225,FR1 0
way/406691575-225,FR1 0
way/41436841-225,FR1 0
way/41591146-225,FR1 0
way/416438053-225,FR1 0
way/416438054-225,FR1 0
way/41829825-400,FR1 0
way/41834104-225,FR1 0
way/432466512-225,FR1 0
way/434500830-225,FR1 0
way/440538762-225,FR1 0
way/440600377-225,FR1 0
way/442651900-225,FR1 0
way/44357629-225,FR1 0
way/443975666-400,FR1 0
way/44448089-225,FR1 0
way/445088111-225,FR1 0
way/448355914-400,FR1 0
way/44883864-400,FR1 0
way/454932860-225,FR1 0
way/455245314-225,FR1 0
way/46172440-225,FR1 0
way/467599626-225,FR1 0
way/467775702-225,FR1 0
way/467799728-225,FR1 0
way/468096792-225,FR1 0
way/473670083-225,FR1 0
way/474926055-225,FR1 0
way/47633664-225,FR1 0
way/47660196-225,FR1 0
way/47739331-225,FR1 0
way/477926841-225,FR1 0
way/484952897-225,FR1 0
way/48815655-225,FR1 0
way/489118827-225,FR1 0
way/490191058-225,FR1 0
way/490392953-225,FR1 0
way/49049745-225,FR1 0
way/491655540-225,FR1 0
way/495078839-225,FR1 0
way/49510896-225,FR1 0
way/497510591-225,FR1 0
way/514597856-225,FR1 0
way/536127194-225,FR1 0
way/53727352-225,FR1 0
way/53944139-225,FR1 0
way/547443051-225,FR1 0
way/549010403-225,FR1 0
way/549628003-225,FR1 0
way/549628132-225,FR1 0
way/552467306-225,FR1 0
way/553127674-225,FR1 0
way/553509645-225,FR1 0
way/553509651-225,FR1 0
way/558437000-225,FR1 0
way/56585982-225,FR1 0
way/56997464-225,FR1 0
way/56998024-225,FR1 0
way/57941014-225,FR1 0
way/580568888-225,FR1 0
way/583372101-225,FR1 0
way/584362062-225,FR1 0
way/585985166-225,FR1 0
way/589691204-225,FR1 0
way/589691209-225,FR1 0
way/589696042-225,FR1 0
way/590596961-225,FR1 0
way/590866686-225,FR1 0
way/604408491-225,FR1 0
way/616985188-225,FR1 0
way/620325313-225,FR1 0
way/62233233-225,FR1 0
way/62279693-225,FR1 0
way/623949241-225,FR1 0
way/627450679-225,FR1 0
way/63213632-225,FR1 0
way/63641119-225,FR1 0
way/64040939-225,FR1 0
way/655200312-225,FR1 0
way/658560999-225,FR1 0
way/658561191-225,FR1 0
way/659343518-400,FR1 0
way/659913223-225,FR1 0
way/666332422-225,FR1 0
way/666332466-225,FR1 0
way/671113556-225,FR1 0
way/682366021-225,FR1 0
way/682366052-225,FR1 0
way/68925871-225,FR1 0
way/69813552-225,FR1 0
way/69999641-225,FR1 0
way/70452467-225,FR1 0
way/704996189-225,FR1 0
way/715176993-225,FR1 0
way/715177063-225,FR1 0
way/71933077-225,FR1 0
way/71933086-225,FR1 0
way/725699702-225,FR1 0
way/730015498-225,FR1 0
way/730015505-225,FR1 0
way/733773947-225,FR1 0
way/733773951-225,FR1 0
way/733773994-225,FR1 0
way/740849522-225,FR1 0
way/749073921-225,FR1 0
way/75509664-225,FR1 0
way/756397226-225,FR1 0
way/75750171-225,FR1 0
way/759073166-225,FR1 0
way/76032001-225,FR1 0
way/777545899-225,FR1 0
way/78052541-225,FR1 0
way/78148795-225,FR1 0
way/788298548-225,FR1 0
way/79805353-225,FR1 0
way/79866837-225,FR1 0
way/80719004-225,FR1 0
way/81228088-225,FR1 0
way/81641090-225,FR1 0
way/81665271-225,FR1 0
way/818615639-225,FR1 0
way/818615644-225,FR1 0
way/818615647-225,FR1 0
way/82226136-225,FR1 0
way/82306874-225,FR1 0
way/823662696-225,FR1 0
way/823662703-225,FR1 0
way/823662705-225,FR1 0
way/823872751-225,FR1 0
way/823872752-225,FR1 0
way/823872758-225,FR1 0
way/82467033-225,FR1 0
way/82599261-400,FR1 0
way/82715808-400,FR1 0
way/82741307-225,FR1 0
way/82741335-225,FR1 0
way/82746777-225,FR1 0
way/82746780-225,FR1 0
way/82805188-225,FR1 0
way/82825438-400,FR1 0
way/82825446-400,FR1 0
way/82949228-225,FR1 0
way/82967739-225,FR1 0
way/82976238-225,FR1 0
way/83293593-225,FR1 0
way/83705700-225,FR1 0
way/83726363-225,FR1 0
way/83819431-225,FR1 0
way/84182609-225,FR1 0
way/84452130-225,FR1 0
way/84476231-225,FR1 0
way/84485792-400,FR1 0
way/84490483-400,FR1 0
way/84603564-225,FR1 0
way/85047359-225,FR1 0
way/85198005-225,FR1 0
way/85203486-225,FR1 0
way/85217416-400,FR1 0
way/85273676-225,FR1 0
way/85335661-400,FR1 0
way/85339874-225,FR1 0
way/85446794-225,FR1 0
way/85605950-225,FR1 0
way/85605959-225,FR1 0
way/85710783-400,FR1 0
way/85827397-225,FR1 0
way/85827398-225,FR1 0
way/85867971-400,FR1 0
way/85877326-225,FR1 0
way/85895367-225,FR1 0
way/85955250-225,FR1 0
way/85995894-225,FR1 0
way/86023818-225,FR1 0
way/86131984-225,FR1 0
way/86162998-400,FR1 0
way/86260099-400,FR1 0
way/86260748-225,FR1 0
way/86297273-400,FR1 0
way/86342772-225,FR1 0
way/86344183-400,FR1 0
way/86462910-225,FR1 0
way/89022039-225,FR1 0
way/89022080-225,FR1 0
way/890834366-400,FR1 0
way/89158123-225,FR1 0
way/90032133-225,FR1 0
way/90415251-225,FR1 0
way/907536278-225,FR1 0
way/90842395-225,FR1 0
way/90854143-225,FR1 0
way/91351689-225,FR1 0
way/92896823-225,FR1 0
way/93189928-225,FR1 0
way/95209542-225,FR1 0
way/95409416-225,FR1 0
way/956596300-225,FR1 0
way/95810878-225,FR1 0
way/96839470-225,FR1 0
way/97547196-225,FR1 0
way/98390525-400,FR1 0
way/986506107-225,FR1 0
way/986795975-225,FR1 0
way/986799738-225,FR1 0
way/98890904-225,FR1 0
way/98945703-225,FR1 0
way/99623587-225,FR1 0
relation/13319688-220,LU1 0
way/33814243-220,LU1 0
way/33814365-220,LU1 0
way/387620061-220,LU1 0
way/460847807-220,LU1 0
way/63089603-220,LU1 0
way/89176956-220,LU1 0
way/91823933-220,LU1 0
virtual_relation/12004718:1-220,NL1 0
virtual_relation/12004719:1-220,NL1 0
way/1099434374-220,NL1 0
way/1218950123-380,NL1 0
way/146901292-380,NL1 0
way/157902099-380,NL1 0
way/162176187-380,NL1 0
way/162179284-380,NL1 0
way/165242802-380,NL1 0
way/168037483-220,NL1 0
way/22984334-380,NL1 0
way/23096966-380,NL1 0
way/23135563-380,NL1 0
way/308181656-380,NL1 0
way/477949333-380,NL1 0
way/480742730-380,NL1 0
way/577158336-380,NL1 0
way/606842829-220,NL1 0
way/693745438-220,NL1 0
way/723528920-380,NL1 0
way/72888152-380,NL1 0
way/83423799-380,NL1 0
way/87177559-220,NL1 0
way/87207800-220,NL1 0
way/87342758-220,NL1 0
way/87354306-220,NL1 0
way/87358157-220,NL1 0
way/87448656-220,NL1 0
way/87792499-380,NL1 0
way/87794279-380,NL1 0
way/920127890-380,NL1 0
way/934114405-380,NL1 0
way/942640207-220,NL1 0
way/96382845-380,NL1 0
relation/10086891-300,NO0 0
relation/10175479-300,NO0 0
relation/10220813-420,NO0 0
relation/10308957-300,NO0 0
relation/11036958-300,NO0 0
relation/11512349-300,NO0 0
relation/11568632-420,NO0 0
relation/12274653-420,NO0 0
relation/12277754-300,NO0 0
relation/12832052-420,NO0 0
relation/13447791-420,NO0 0
relation/13989591-300,NO0 0
relation/18667239-300,NO0 0
relation/19581816-300,NO0 0
relation/3993780-420,NO0 0
relation/7802012-300,NO0 0
relation/7805329-300,NO0 0
relation/7809753-300,NO0 0
relation/7812776-420,NO0 0
relation/7839720-300,NO0 0
relation/7842286-300,NO0 0
relation/7847764-420,NO0 0
relation/7854485-300,NO0 0
relation/7879876-300,NO0 0
relation/7879879-420,NO0 0
relation/7883264-300,NO0 0
relation/7883882-300,NO0 0
relation/7928148-420,NO0 0
relation/8182117-420,NO0 0
relation/8239198-300,NO0 0
relation/8293948-420,NO0 0
relation/8332571-300,NO0 0
relation/8473044-220,NO0 0
relation/8476872-300,NO0 0
relation/8481866-300,NO0 0
relation/8488332-300,NO0 0
relation/8520950-300,NO0 0
relation/8527323-420,NO0 0
relation/8536441-300,NO0 0
relation/8721337-300,NO0 0
relation/8834935-300,NO0 0
relation/8836351-300,NO0 0
relation/8837899-300,NO0 0
relation/8846916-300,NO0 0
relation/8847096-300,NO0 0
relation/8857363-300,NO0 0
relation/8860331-300,NO0 0
relation/8864887-300,NO0 0
relation/8886202-300,NO0 0
relation/8890360-300,NO0 0
relation/8894066-300,NO0 0
relation/9032385-300,NO0 0
virtual_way/1000512859:0-420,NO0 0
virtual_way/1000512859:1-420,NO0 0
virtual_way/1000512861:1-420,NO0 0
virtual_way/118991395:0-420,NO0 0
virtual_way/118991395:1-420,NO0 0
virtual_way/1278052876:1-420,NO0 0
virtual_way/1278052880:1-420,NO0 0
virtual_way/1278052883:1-420,NO0 0
virtual_way/158612365:0-300,NO0 0
virtual_way/158612365:1-300,NO0 0
virtual_way/158612368:0-300,NO0 0
virtual_way/158612370:1-300,NO0 0
virtual_way/164961083:1-300,NO0 0
virtual_way/197819526:1-420,NO0 0
virtual_way/206628452:0-420,NO0 0
virtual_way/211112061:1-300,NO0 0
virtual_way/231380681:1-420,NO0 0
virtual_way/233368430:0-420,NO0 0
virtual_way/233368430:1-420,NO0 0
virtual_way/233898699:1-420,NO0 0
virtual_way/283591270:0-420,NO0 0
virtual_way/285481541:1-300,NO0 0
virtual_way/285498848:1-420,NO0 0
virtual_way/285712577:1-300,NO0 0
virtual_way/285745712:b:1-300,NO0 0
virtual_way/287112084:1-300,NO0 0
virtual_way/290393695:1-300,NO0 0
virtual_way/290396037:0-300,NO0 0
virtual_way/292009076:0-300,NO0 0
virtual_way/292009081:0-300,NO0 0
virtual_way/292593505:1-400,NO0 0
virtual_way/296234857:1-420,NO0 0
virtual_way/297395809:0-420,NO0 0
virtual_way/297395812:1-420,NO0 0
virtual_way/400886659:0-420,NO0 0
virtual_way/400886659:1-420,NO0 0
virtual_way/400890674:0-420,NO0 0
virtual_way/405307058:1-420,NO0 0
virtual_way/432965768:1-420,NO0 0
virtual_way/545813874:0-420,NO0 0
virtual_way/545813881:0-420,NO0 0
virtual_way/545813898:0-420,NO0 0
virtual_way/545813906:0-420,NO0 0
virtual_way/546502353:0-300,NO0 0
virtual_way/546502353:1-300,NO0 0
virtual_way/546502370:0-300,NO0 0
virtual_way/546542306:1-300,NO0 0
virtual_way/546803766:0-420,NO0 0
virtual_way/547743448:1-420,NO0 0
virtual_way/548201574:0-420,NO0 0
virtual_way/548201574:1-420,NO0 0
virtual_way/548339557:0-420,NO0 0
virtual_way/548339557:1-420,NO0 0
virtual_way/548339559:0-420,NO0 0
virtual_way/548339559:1-420,NO0 0
virtual_way/548473083:1-420,NO0 0
virtual_way/548473095:0-420,NO0 0
virtual_way/548627777:0-420,NO0 0
virtual_way/548627781:0-420,NO0 0
virtual_way/548627788:1-420,NO0 0
virtual_way/549830970:1-300,NO0 0
virtual_way/551048580:a:0-300,NO0 0
virtual_way/551276225:0-420,NO0 0
virtual_way/551307201:0-420,NO0 0
virtual_way/551893759:a:0-300,NO0 0
virtual_way/552435149:0-420,NO0 0
virtual_way/572898640:1-420,NO0 0
virtual_way/579541259:1-300,NO0 0
virtual_way/587071732:1-420,NO0 0
virtual_way/587693417:0-420,NO0 0
virtual_way/587802948:1-420,NO0 0
virtual_way/587802954:0-420,NO0 0
virtual_way/587802958:0-420,NO0 0
virtual_way/587802958:1-420,NO0 0
virtual_way/587802961:1-420,NO0 0
virtual_way/587802962:1-420,NO0 0
virtual_way/587802966:0-420,NO0 0
virtual_way/588709887:1-420,NO0 0
virtual_way/589054140:1-420,NO0 0
virtual_way/637688991:1-300,NO0 0
virtual_way/641064271:1-300,NO0 0
virtual_way/691457479:b:1-300,NO0 0
virtual_way/691481610:1-300,NO0 0
virtual_way/691481620:b:1-300,NO0 0
virtual_way/708130868:0-300,NO0 0
way/100151486-420,NO0 0
way/100648754-300,NO0 0
way/1028850312-300,NO0 0
way/1028850314-300,NO0 0
way/113442999-300,NO0 0
way/1140662370-420,NO0 0
way/114318083-420,NO0 0
way/114336709-300,NO0 0
way/114414014-300,NO0 0
way/114669733-300,NO0 0
way/114845318-300,NO0 0
way/1156161502-300,NO0 0
way/118231876-300,NO0 0
way/120279477-300,NO0 0
way/128406208-300,NO0 0
way/187555858-300,NO0 0
way/197866182-420,NO0 0
way/202200066-420,NO0 0
way/205115991-420,NO0 0
way/206628449-300,NO0 0
way/229806969-420,NO0 0
way/229806970-300,NO0 0
way/232893576-420,NO0 0
way/240202234-420,NO0 0
way/244179408-420,NO0 0
way/252924745-420,NO0 0
way/254428135-420,NO0 0
way/261717967-300,NO0 0
way/287115458-300,NO0 0
way/287685850-300,NO0 0
way/288812256-300,NO0 0
way/290360704-300,NO0 0
way/290373414-300,NO0 0
way/290390502-300,NO0 0
way/290562151-300,NO0 0
way/295444099-300,NO0 0
way/296229069-300,NO0 0
way/297388897-300,NO0 0
way/307323708-300,NO0 0
way/350332649-300,NO0 0
way/355844786-300,NO0 0
way/358915801-420,NO0 0
way/37907251-420,NO0 0
way/400655824-300,NO0 0
way/430780474-300,NO0 0
way/432965765-300,NO0 0
way/445514503-300,NO0 0
way/475820066-420,NO0 0
way/493018044-420,NO0 0
way/51854396-300,NO0 0
way/51855380-420,NO0 0
way/546262597-300,NO0 0
way/547743430-420,NO0 0
way/548201553-420,NO0 0
way/548473094-420,NO0 0
way/548709529-420,NO0 0
way/551964031-420,NO0 0
way/554551085-300,NO0 0
way/572898616-420,NO0 0
way/572898618-420,NO0 0
way/572898626-420,NO0 0
way/577998803-420,NO0 0
way/60495669-300,NO0 0
way/631983832-300,NO0 0
way/633896066-420,NO0 0
way/636875282-300,NO0 0
way/637005916-300,NO0 0
way/640796702-300,NO0 0
way/648848845-300,NO0 0
way/71356608-300,NO0 0
way/749676336-300,NO0 0
way/799370310-300,NO0 0
way/830770515-300,NO0 0
way/842385259-420,NO0 0
relation/18085709-400,PL1 0
relation/9399771-220,PL1 0
virtual_relation/2674033:a:1-400,PL1 0
virtual_relation/2674035:b:1-400,PL1 0
virtual_relation/5589533:0-400,PL1 0
virtual_relation/5594443:b:1-400,PL1 0
virtual_relation/5594443:d:1-400,PL1 0
virtual_relation/5594532:b:1-400,PL1 0
virtual_relation/5596461:1-220,PL1 0
virtual_relation/5596469:a:1-400,PL1 0
virtual_relation/5596643:a:1-220,PL1 0
virtual_relation/5598024:a:1-220,PL1 0
virtual_relation/5598027:b:1-220,PL1 0
virtual_relation/5598027:c:1-220,PL1 0
virtual_relation/5598129:a:1-220,PL1 0
virtual_way/1022361986:1-220,PL1 0
virtual_way/1148150975:1-400,PL1 0
virtual_way/130849502:1-400,PL1 0
virtual_way/145735629:0-220,PL1 0
virtual_way/1464015282:0-220,PL1 0
virtual_way/148989154:1-400,PL1 0
virtual_way/160595147:1-220,PL1 0
virtual_way/169288047:1-220,PL1 0
virtual_way/170000475:0-220,PL1 0
virtual_way/170000475:1-220,PL1 0
virtual_way/171092657:1-220,PL1 0
virtual_way/171839055:1-220,PL1 0
virtual_way/172089700:1-220,PL1 0
virtual_way/172279656:1-220,PL1 0
virtual_way/172447170:0-220,PL1 0
virtual_way/267951110:1-220,PL1 0
virtual_way/281264247:0-220,PL1 0
virtual_way/312025417:1-220,PL1 0
virtual_way/317833627:1-220,PL1 0
virtual_way/338117837:0-220,PL1 0
virtual_way/365716342:1-220,PL1 0
virtual_way/365716344:1-400,PL1 0
virtual_way/375527889:1-220,PL1 0
virtual_way/384345923:1-400,PL1 0
virtual_way/39025982:1-220,PL1 0
virtual_way/39992876:0-400,PL1 0
virtual_way/41454613:0-220,PL1 0
virtual_way/451058808:1-220,PL1 0
virtual_way/617971664:1-400,PL1 0
virtual_way/617980105:1-400,PL1 0
virtual_way/680567890:1-400,PL1 0
virtual_way/816139316:1-400,PL1 0
virtual_way/845649424:1-400,PL1 0
virtual_way/868341019:1-400,PL1 0
virtual_way/905049974:1-220,PL1 0
way/101914781-220,PL1 0
way/101915790-220,PL1 0
way/101982559-220,PL1 0
way/102165724-220,PL1 0
way/1022342082-220,PL1 0
way/111615226-220,PL1 0
way/112614319-400,PL1 0
way/115801644-220,PL1 0
way/121656686-220,PL1 0
way/133537926-220,PL1 0
way/135598292-220,PL1 0
way/139452056-220,PL1 0
way/144646702-400,PL1 0
way/145037309-220,PL1 0
way/148060965-400,PL1 0
way/148197330-220,PL1 0
way/153838553-220,PL1 0
way/154510504-400,PL1 0
way/154838041-220,PL1 0
way/154894455-400,PL1 0
way/158232924-220,PL1 0
way/166710856-400,PL1 0
way/166838338-400,PL1 0
way/170249563-220,PL1 0
way/170316833-220,PL1 0
way/170368942-220,PL1 0
way/171383831-220,PL1 0
way/171917072-400,PL1 0
way/173582810-220,PL1 0
way/175406958-220,PL1 0
way/177749653-220,PL1 0
way/178756295-220,PL1 0
way/179279860-220,PL1 0
way/180535363-220,PL1 0
way/180542657-220,PL1 0
way/183945016-220,PL1 0
way/184899160-220,PL1 0
way/185454704-220,PL1 0
way/185459155-220,PL1 0
way/189501431-220,PL1 0
way/189851841-220,PL1 0
way/191035265-220,PL1 0
way/191352746-220,PL1 0
way/194903381-220,PL1 0
way/199098050-220,PL1 0
way/199098053-220,PL1 0
way/199098055-220,PL1 0
way/215282393-400,PL1 0
way/216975352-220,PL1 0
way/217899005-220,PL1 0
way/228154083-220,PL1 0
way/238640596-220,PL1 0
way/241842600-220,PL1 0
way/251239544-220,PL1 0
way/255232597-220,PL1 0
way/255277953-400,PL1 0
way/255284259-220,PL1 0
way/255293403-400,PL1 0
way/255972326-400,PL1 0
way/255973806-400,PL1 0
way/276291999-220,PL1 0
way/29098336-220,PL1 0
way/29115701-220,PL1 0
way/291375946-220,PL1 0
way/29139402-220,PL1 0
way/293484891-220,PL1 0
way/293484894-220,PL1 0
way/293489607-400,PL1 0
way/32036484-220,PL1 0
way/32943179-220,PL1 0
way/336990960-220,PL1 0
way/35366436-220,PL1 0
way/385098015-400,PL1 0
way/385118244-400,PL1 0
way/385539724-220,PL1 0
way/39428977-220,PL1 0
way/40062974-220,PL1 0
way/40946784-400,PL1 0
way/40946790-220,PL1 0
way/44389929-220,PL1 0
way/46092396-220,PL1 0
way/46235456-220,PL1 0
way/534238983-220,PL1 0
way/66051759-220,PL1 0
way/66161634-220,PL1 0
way/668348943-220,PL1 0
way/726776987-220,PL1 0
way/72879943-220,PL1 0
way/79033485-400,PL1 0
way/86494356-400,PL1 0
way/87667718-220,PL1 0
way/88544449-220,PL1 0
way/912842670-400,PL1 0
way/91384044-400,PL1 0
way/98634956-220,PL1 0
way/99593626-220,PL1 0
relation/10153505-400,SE0 0
relation/10629005-400,SE0 0
relation/11334274-400,SE0 0
relation/11964241-400,SE0 0
relation/11971282-400,SE0 0
relation/12606773-220,SE0 0
relation/13889505-220,SE0 0
relation/14939275-400,SE0 0
relation/15654150-220,SE0 0
relation/15657009-400,SE0 0
relation/15657011-220,SE0 0
relation/18160532-400,SE0 0
relation/6081310-400,SE0 0
relation/7107330-220,SE0 0
relation/7108546-220,SE0 0
relation/7123679-220,SE0 0
relation/7313829-220,SE0 0
relation/7319976-220,SE0 0
virtual_relation/5963403:0-400,SE0 0
virtual_way/1026326337:1-220,SE0 0
virtual_way/117364892:0-220,SE0 0
virtual_way/12004715:1-220,SE0 0
virtual_way/12017732:1-400,SE0 0
virtual_way/14888802:a:1-400,SE0 0
virtual_way/160474490:0-400,SE0 0
virtual_way/168935346:a:1-220,SE0 0
virtual_way/172201472:1-400,SE0 0
virtual_way/188965945:1-400,SE0 0
virtual_way/200507299:1-400,SE0 0
virtual_way/23813112:0-400,SE0 0
virtual_way/24415566:1-220,SE0 0
virtual_way/261279870:1-220,SE0 0
virtual_way/263705490:1-400,SE0 0
virtual_way/263708229:0-400,SE0 0
virtual_way/263708237:0-400,SE0 0
virtual_way/263708237:1-400,SE0 0
virtual_way/263708249:1-400,SE0 0
virtual_way/263710358:1-400,SE0 0
virtual_way/278505921:1-400,SE0 0
virtual_way/278968691:0-220,SE0 0
virtual_way/278968694:1-220,SE0 0
virtual_way/280827026:1-400,SE0 0
virtual_way/38105001:0-400,SE0 0
virtual_way/469897923:a:1-220,SE0 0
virtual_way/50257553:0-400,SE0 0
virtual_way/71892564:0-400,SE0 0
way/101320612-400,SE0 0
way/1013436462-400,SE0 0
way/1022235514-220,SE0 0
way/1025505726-400,SE0 0
way/1028201096-400,SE0 0
way/106607138-220,SE0 0
way/1207952344-400,SE0 0
way/1237755672-400,SE0 0
way/1265541077-400,SE0 0
way/1265541078-400,SE0 0
way/1302595553-400,SE0 0
way/138622087-220,SE0 0
way/144381726-220,SE0 0
way/1451345383-400,SE0 0
way/160474491-220,SE0 0
way/168056174-220,SE0 0
way/168351799-220,SE0 0
way/168908158-220,SE0 0
way/168935344-220,SE0 0
way/172201471-400,SE0 0
way/187832596-220,SE0 0
way/200052139-400,SE0 0
way/200222142-400,SE0 0
way/200224266-400,SE0 0
way/200772307-220,SE0 0
way/207159887-400,SE0 0
way/208965529-400,SE0 0
way/209175136-220,SE0 0
way/220076858-400,SE0 0
way/23470015-400,SE0 0
way/236759846-400,SE0 0
way/241937764-400,SE0 0
way/252824769-400,SE0 0
way/255570234-220,SE0 0
way/255820193-400,SE0 0
way/256147227-220,SE0 0
way/257920140-400,SE0 0
way/260770703-400,SE0 0
way/260986936-220,SE0 0
way/261447466-220,SE0 0
way/262859794-400,SE0 0
way/263688590-400,SE0 0
way/263697062-400,SE0 0
way/263701163-400,SE0 0
way/265416362-400,SE0 0
way/26755070-220,SE0 0
way/278497532-400,SE0 0
way/278505918-400,SE0 0
way/278968690-400,SE0 0
way/278968695-400,SE0 0
way/279194469-220,SE0 0
way/279212108-220,SE0 0
way/279842937-400,SE0 0
way/281023714-400,SE0 0
way/281390335-400,SE0 0
way/283078113-220,SE0 0
way/28390455-400,SE0 0
way/284127778-400,SE0 0
way/284182193-400,SE0 0
way/284869911-220,SE0 0
way/286857165-400,SE0 0
way/287753969-400,SE0 0
way/287756074-400,SE0 0
way/292593503-400,SE0 0
way/294798805-220,SE0 0
way/294897999-400,SE0 0
way/299750661-220,SE0 0
way/375751481-220,SE0 0
way/38105008-220,SE0 0
way/41906390-400,SE0 0
way/44636668-400,SE0 0
way/469402329-220,SE0 0
way/470977068-220,SE0 0
way/471002829-220,SE0 0
way/471015841-220,SE0 0
way/471732548-220,SE0 0
way/51252509-400,SE0 0
way/52956134-400,SE0 0
way/57675923-400,SE0 0
way/718209950-400,SE0 0
way/80702333-400,SE0 0
way/900170041-400,SE0 0
way/934908818-400,SE0 0
